,Coupled position,M. tub,M. tub codons,E. col,E. col codons,B. sub,B. sub codons,S. aur,S. aur codons,C. jeu,C. jeu codons
0,13,R,CGT,R,CGT,R,CGC,R,CGT,R,AGA
1,23,L,CTC,L,CTG,L,CTT,L,CTT,L,CTT
2,26,A,GCG,A,GCA,A,GCT,A,GCA,A,GCG
3,28,K,AAG,K,AAA,K,AAA,K,AAA,K,AAA
4,29,V,GTG,V,GTT,V,GTA,V,GTA,V,GTA
5,35,G,GGC,G,GGC,G,GGA,G,GGA,G,GGA
6,37,N,AAC,N,AAC,N,AAC,N,AAT,N,AAT
7,38,V,GTC,V,GTA,V,GTG,V,GTT,V,GTT
8,42,K,AAG,K,AAA,K,AAA,K,AAA,K,AAA
9,49,I,ATC,I,ATC,I,ATC,I,ATT,I,ATT
10,50,T,ACC,T,ACC,T,ACA,T,ACG,T,ACT
11,54,V,GTG,V,GTT,V,GTA,V,GTG,V,GTA
12,57,A,GCC,A,GCT,A,GCT,A,GCT,A,GCT
13,59,E,GAG,E,GAA,E,GAA,E,GAA,E,GAA
14,62,L,CTG,L,CTG,L,CTA,L,TTA,L,CTT
15,64,D,GAT,D,GAC,D,GAT,D,GAT,D,GAT
16,67,E,GAG,E,GAA,E,GAA,E,GAA,E,GAA
17,71,A,GCC,A,GCG,A,GCT,A,GCT,A,GCT
18,74,V,GTC,V,GTG,V,GTT,V,GTT,V,GTA
19,77,V,GTA,V,GTT,V,GTA,V,GTC,V,GTA
20,78,A,GCC,A,GCC,A,GCC,A,GCA,A,GCG
21,91,T,ACG,T,ACT,T,ACT,T,ACT,T,ACT
22,92,A,GCC,A,GCA,A,GCA,A,GCA,A,GCA
23,93,T,ACC,T,ACC,T,ACA,T,ACA,T,ACG
24,94,V,GTG,V,GTA,V,GTT,V,GTA,V,GTT
25,96,A,GCC,A,GCT,A,GCG,A,GCT,A,GCT
26,98,A,GCG,A,GCT,A,GCA,A,GCA,A,GCA
27,102,E,GAG,E,GAG,E,GAA,E,GAA,E,GAA
28,103,G,GGC,G,GGT,G,GGC,G,GGC,G,GGT
29,104,L,CTG,L,CTG,L,CTT,L,TTG,L,TTA
30,112,N,AAC,N,AAC,N,AAC,N,AAC,N,AAT
31,113,P,CCG,P,CCG,P,CCT,P,CCA,P,CCT
32,119,G,GGC,G,GGT,G,GGG,G,GGT,G,GGT
33,123,A,GCC,A,GCA,A,GCT,A,GCA,A,GCT
34,131,L,CTG,L,CTG,L,TTA,L,TTA,L,CTT
35,144,I,ATT,I,ATT,I,ATC,I,ATT,I,ATT
36,145,A,GCG,A,GCT,A,GCT,A,GCG,A,GCA
37,150,I,ATT,I,ATC,I,ATC,I,ATT,I,ATC
38,155,D,GAC,D,GAC,D,GAC,D,GAT,D,GAT
39,159,G,GGT,G,GGT,G,GGA,G,GGA,G,GGA
40,162,I,ATC,I,ATC,I,ATC,I,ATT,I,ATC
41,165,A,GCG,A,GCG,A,GCA,A,GCT,A,GCT
42,166,M,ATG,M,ATG,M,ATG,M,ATG,M,ATG
43,169,V,GTG,V,GTC,V,GTA,V,GTA,V,GTG
44,174,V,GTC,V,GTT,V,GTT,V,GTC,V,GTT
45,175,I,ATC,I,ATC,I,ATC,I,ATT,I,ATC
46,187,L,CTC,L,CTG,L,CTT,L,CTA,L,TTA
47,191,E,GAG,E,GAA,E,GAA,E,GAA,E,GAA
48,193,M,ATG,M,ATG,M,ATG,M,ATG,M,ATG
49,195,F,TTC,F,TTC,F,TTC,F,TTT,F,TTT
50,199,Y,TAC,Y,TAC,Y,TAT,Y,TAT,Y,TAT
51,215,L,CTG,L,CTG,L,CTT,L,TTA,L,CTT
52,218,P,CCC,P,CCG,P,CCT,P,CCA,P,CCT
53,220,I,ATC,I,ATC,I,ATC,I,ATT,I,ATC
54,221,L,CTG,L,CTG,L,TTA,L,TTA,L,CTG
55,246,P,CCG,P,CCG,P,CCA,P,CCA,P,CCA
56,248,L,CTG,L,CTG,L,CTT,L,TTA,L,TTA
57,255,E,GAG,E,GAA,E,GAA,E,GAA,E,GAA
58,263,V,GTC,V,GTT,V,GTT,V,GTG,V,GTT
59,275,A,GCG,A,GCG,A,GCT,A,GCA,A,GCA
60,276,V,GTC,V,GTT,V,GTT,V,GTA,V,GTG
61,277,K,AAG,K,AAA,K,AAA,K,AAA,K,AAA
62,278,A,GCT,A,GCT,A,GCT,A,GCA,A,GCT
63,280,G,GGC,G,GGC,G,GGC,G,GGT,G,GGT
64,281,F,TTC,F,TTC,F,TTC,F,TTT,F,TTT
65,284,R,CGC,R,CGT,R,CGC,R,CGT,R,AGA
66,285,R,CGC,R,CGT,R,CGT,R,AGA,R,AGA
67,286,K,AAG,K,AAA,K,AAA,K,AAA,K,AAA
68,287,A,GCG,A,GCT,A,GCA,A,GCG,A,GCT
69,288,M,ATG,M,ATG,M,ATG,M,ATG,M,ATG
70,289,L,CTG,L,CTG,L,CTT,L,CTT,L,CTT
71,293,A,GCC,A,GCA,A,GCT,A,GCT,A,GCG
72,295,L,CTC,L,CTG,L,CTT,L,TTA,L,TTA
73,300,V,GTG,V,GTA,V,GTC,V,GTG,V,GTG
74,301,I,ATC,I,ATC,I,ATC,I,ATT,I,ATT
75,309,L,CTG,L,CTG,L,CTG,L,TTA,L,CTT
76,317,L,CTA,L,CTG,L,TTG,L,TTA,L,CTT
77,320,A,GCC,A,GCT,A,GCT,A,GCA,A,GCT
78,323,V,GTC,V,GTT,V,GTT,V,GTA,V,GTA
79,331,T,ACC,T,ACC,T,ACA,T,ACT,T,ACC
80,346,V,GTG,V,GTT,V,GTG,V,GTT,V,GTC
81,348,Q,CAG,Q,CAG,Q,CAA,Q,CAA,Q,CAA
82,361,D,GAC,D,GAC,D,GAC,D,GAT,D,GAC
83,362,R,CGT,R,CGT,R,AGA,R,CGT,R,AGA
84,363,E,GAG,E,GAA,E,GAA,E,GAA,E,GAA
85,365,L,CTG,L,CTG,L,TTA,L,TTA,L,TTA
86,366,Q,CAG,Q,CAG,Q,CAA,Q,CAA,Q,CAA
87,367,E,GAG,E,GAG,E,GAG,E,GAG,E,GAA
88,370,A,GCC,A,GCG,A,GCT,A,GCT,A,GCA
89,377,A,GCG,A,GCA,A,GCT,A,GCA,A,GCA
90,379,I,ATC,I,ATC,I,ATC,I,ATC,I,ATT
91,380,K,AAG,K,AAA,K,AAA,K,AAA,K,AAA
92,383,A,GCC,A,GCT,A,GCT,A,GCA,A,GCA
93,384,A,GCC,A,GCT,A,GCG,A,GCA,A,GCA
94,390,K,AAG,K,AAA,K,AAA,K,AAA,K,AAA
95,391,E,GAG,E,GAG,E,GAG,E,GAA,E,GAG
96,395,R,CGC,R,CGC,R,CGC,R,CGT,R,CGC
97,398,D,GAT,D,GAC,D,GAC,D,GAT,D,GAT
98,406,A,GCC,A,GCG,A,GCT,A,GCA,A,GCA
99,407,V,GTC,V,GTA,V,GTT,V,GTT,V,GTT
100,408,E,GAG,E,GAA,E,GAA,E,GAA,E,GAA
101,409,E,GAG,E,GAA,E,GAA,E,GAA,E,GAA
102,412,V,GTC,V,GTT,V,GTA,V,GTT,V,GTA
103,416,G,GGT,G,GGT,G,GGT,G,GGT,G,GGT
104,419,L,CTG,L,CTG,L,CTT,L,TTA,L,CTT
