,Coupled Position,M. tub,M. tub prop,E. col,E. col prop,B. sub,B. sub prop,S. aur,S. aur prop,C. jeu,C. jeu prop
0,3,A,Nonpolar,A,Nonpolar,A,Nonpolar,V,Nonpolar,A,Nonpolar
1,5,T,Polar,D,Charged,E,Charged,Q,Polar,E,Charged
2,6,I,Nonpolar,V,Nonpolar,I,Nonpolar,L,Nonpolar,I,Nonpolar
3,7,A,Nonpolar,K,Charged,K,Charged,K,Charged,I,Nonpolar
4,8,Y,Polar,F,Nonpolar,F,Nonpolar,F,Nonpolar,F,Nonpolar
5,9,D,Charged,G,Nonpolar,S,Polar,S,Polar,S,Polar
6,10,E,Charged,N,Polar,E,Charged,E,Charged,D,Charged
7,13,R,Charged,R,Charged,R,Charged,R,Charged,R,Charged
8,15,G,Nonpolar,K,Charged,A,Nonpolar,A,Nonpolar,K,Charged
9,16,L,Nonpolar,M,Nonpolar,M,Nonpolar,M,Nonpolar,L,Nonpolar
10,17,E,Charged,L,Nonpolar,L,Nonpolar,L,Nonpolar,Y,Polar
11,18,R,Charged,R,Charged,R,Charged,R,Charged,E,Charged
12,20,L,Nonpolar,V,Nonpolar,V,Nonpolar,V,Nonpolar,V,Nonpolar
13,21,N,Polar,N,Polar,D,Charged,D,Charged,K,Charged
14,22,A,Nonpolar,V,Nonpolar,A,Nonpolar,Q,Polar,K,Charged
15,23,L,Nonpolar,L,Nonpolar,L,Nonpolar,L,Nonpolar,L,Nonpolar
16,24,A,Nonpolar,A,Nonpolar,A,Nonpolar,A,Nonpolar,N,Polar
17,25,D,Charged,D,Charged,D,Charged,N,Polar,D,Charged
18,26,A,Nonpolar,A,Nonpolar,A,Nonpolar,A,Nonpolar,A,Nonpolar
19,28,K,Charged,K,Charged,K,Charged,K,Charged,K,Charged
20,29,V,Nonpolar,V,Nonpolar,V,Nonpolar,V,Nonpolar,V,Nonpolar
21,31,L,Nonpolar,L,Nonpolar,L,Nonpolar,I,Nonpolar,M,Nonpolar
22,34,K,Charged,K,Charged,K,Charged,K,Charged,R,Charged
23,35,G,Nonpolar,G,Nonpolar,G,Nonpolar,G,Nonpolar,G,Nonpolar
24,37,N,Polar,N,Polar,N,Polar,N,Polar,N,Polar
25,38,V,Nonpolar,V,Nonpolar,V,Nonpolar,V,Nonpolar,V,Nonpolar
26,39,V,Nonpolar,V,Nonpolar,V,Nonpolar,V,Nonpolar,L,Nonpolar
27,40,L,Nonpolar,L,Nonpolar,L,Nonpolar,L,Nonpolar,I,Nonpolar
28,41,E,Charged,D,Charged,E,Charged,D,Charged,Q,Polar
29,42,K,Charged,K,Charged,K,Charged,K,Charged,K,Charged
30,43,K,Charged,S,Polar,K,Charged,E,Charged,S,Polar
31,46,A,Nonpolar,A,Nonpolar,S,Polar,A,Nonpolar,A,Nonpolar
32,48,T,Polar,T,Polar,L,Nonpolar,L,Nonpolar,S,Polar
33,49,I,Nonpolar,I,Nonpolar,I,Nonpolar,I,Nonpolar,I,Nonpolar
34,50,T,Polar,T,Polar,T,Polar,T,Polar,T,Polar
35,51,N,Polar,K,Charged,N,Polar,N,Polar,K,Charged
36,54,V,Nonpolar,V,Nonpolar,V,Nonpolar,V,Nonpolar,V,Nonpolar
37,55,S,Polar,S,Polar,T,Polar,T,Polar,S,Polar
38,56,I,Nonpolar,V,Nonpolar,I,Nonpolar,I,Nonpolar,V,Nonpolar
39,57,A,Nonpolar,A,Nonpolar,A,Nonpolar,A,Nonpolar,A,Nonpolar
40,58,K,Charged,R,Charged,K,Charged,K,Charged,K,Charged
41,59,E,Charged,E,Charged,E,Charged,E,Charged,E,Charged
42,60,I,Nonpolar,I,Nonpolar,I,Nonpolar,I,Nonpolar,V,Nonpolar
43,62,L,Nonpolar,L,Nonpolar,L,Nonpolar,L,Nonpolar,L,Nonpolar
44,63,E,Charged,E,Charged,E,Charged,E,Charged,K,Charged
45,64,D,Charged,D,Charged,D,Charged,D,Charged,D,Charged
46,65,P,Nonpolar,K,Charged,A,Nonpolar,P,Nonpolar,S,Polar
47,66,Y,Polar,F,Nonpolar,F,Nonpolar,Y,Polar,L,Nonpolar
48,67,E,Charged,E,Charged,E,Charged,E,Charged,E,Charged
49,69,I,Nonpolar,M,Nonpolar,M,Nonpolar,M,Nonpolar,M,Nonpolar
50,71,A,Nonpolar,A,Nonpolar,A,Nonpolar,A,Nonpolar,A,Nonpolar
51,72,E,Charged,Q,Polar,K,Charged,K,Charged,S,Polar
52,73,L,Nonpolar,M,Nonpolar,L,Nonpolar,L,Nonpolar,L,Nonpolar
53,74,V,Nonpolar,V,Nonpolar,V,Nonpolar,V,Nonpolar,V,Nonpolar
54,75,K,Charged,K,Charged,A,Nonpolar,Q,Polar,R,Charged
55,77,V,Nonpolar,V,Nonpolar,V,Nonpolar,V,Nonpolar,V,Nonpolar
56,78,A,Nonpolar,A,Nonpolar,A,Nonpolar,A,Nonpolar,A,Nonpolar
57,79,K,Charged,S,Polar,S,Polar,N,Polar,S,Polar
58,81,T,Polar,A,Nonpolar,T,Polar,T,Polar,T,Polar
59,82,D,Charged,N,Polar,N,Polar,N,Polar,A,Nonpolar
60,83,D,Charged,D,Charged,D,Charged,E,Charged,D,Charged
61,84,V,Nonpolar,A,Nonpolar,V,Nonpolar,I,Nonpolar,Q,Polar
62,91,T,Polar,T,Polar,T,Polar,T,Polar,T,Polar
63,92,A,Nonpolar,A,Nonpolar,A,Nonpolar,A,Nonpolar,A,Nonpolar
64,93,T,Polar,T,Polar,T,Polar,T,Polar,T,Polar
65,94,V,Nonpolar,V,Nonpolar,V,Nonpolar,V,Nonpolar,V,Nonpolar
66,96,A,Nonpolar,A,Nonpolar,A,Nonpolar,A,Nonpolar,A,Nonpolar
67,97,Q,Polar,Q,Polar,Q,Polar,Q,Polar,H,Charged
68,98,A,Nonpolar,A,Nonpolar,A,Nonpolar,A,Nonpolar,A,Nonpolar
69,99,L,Nonpolar,I,Nonpolar,M,Nonpolar,M,Nonpolar,I,Nonpolar
70,100,V,Nonpolar,I,Nonpolar,I,Nonpolar,I,Nonpolar,F,Nonpolar
71,101,R,Charged,T,Polar,R,Charged,Q,Polar,K,Charged
72,102,E,Charged,E,Charged,E,Charged,E,Charged,E,Charged
73,103,G,Nonpolar,G,Nonpolar,G,Nonpolar,G,Nonpolar,G,Nonpolar
74,104,L,Nonpolar,L,Nonpolar,L,Nonpolar,L,Nonpolar,L,Nonpolar
75,105,R,Charged,K,Charged,K,Charged,K,Charged,R,Charged
76,106,N,Polar,A,Nonpolar,N,Polar,N,Polar,N,Polar
77,107,V,Nonpolar,V,Nonpolar,V,Nonpolar,V,Nonpolar,I,Nonpolar
78,108,A,Nonpolar,A,Nonpolar,T,Polar,T,Polar,T,Polar
79,111,A,Nonpolar,M,Nonpolar,A,Nonpolar,A,Nonpolar,A,Nonpolar
80,112,N,Polar,N,Polar,N,Polar,N,Polar,N,Polar
81,113,P,Nonpolar,P,Nonpolar,P,Nonpolar,P,Nonpolar,P,Nonpolar
82,114,L,Nonpolar,M,Nonpolar,V,Nonpolar,V,Nonpolar,I,Nonpolar
83,115,G,Nonpolar,D,Charged,G,Nonpolar,G,Nonpolar,E,Charged
84,116,L,Nonpolar,L,Nonpolar,V,Nonpolar,L,Nonpolar,V,Nonpolar
85,117,K,Charged,K,Charged,R,Charged,R,Charged,K,Charged
86,118,R,Charged,R,Charged,K,Charged,Q,Polar,R,Charged
87,119,G,Nonpolar,G,Nonpolar,G,Nonpolar,G,Nonpolar,G,Nonpolar
88,120,I,Nonpolar,I,Nonpolar,M,Nonpolar,I,Nonpolar,M,Nonpolar
89,121,E,Charged,D,Charged,E,Charged,D,Charged,D,Charged
90,122,K,Charged,K,Charged,Q,Polar,K,Charged,K,Charged
91,123,A,Nonpolar,A,Nonpolar,A,Nonpolar,A,Nonpolar,A,Nonpolar
92,124,V,Nonpolar,V,Nonpolar,V,Nonpolar,V,Nonpolar,C,Polar
93,125,E,Charged,T,Polar,A,Nonpolar,K,Charged,E,Charged
94,126,K,Charged,A,Nonpolar,V,Nonpolar,V,Nonpolar,A,Nonpolar
95,127,V,Nonpolar,A,Nonpolar,A,Nonpolar,A,Nonpolar,I,Nonpolar
96,128,T,Polar,V,Nonpolar,I,Nonpolar,V,Nonpolar,V,Nonpolar
97,130,T,Polar,E,Charged,N,Polar,A,Nonpolar,E,Charged
98,131,L,Nonpolar,L,Nonpolar,L,Nonpolar,L,Nonpolar,L,Nonpolar
99,132,L,Nonpolar,K,Charged,K,Charged,H,Charged,K,Charged
100,133,K,Charged,A,Nonpolar,E,Charged,E,Charged,K,Charged
101,134,G,Nonpolar,L,Nonpolar,I,Nonpolar,N,Polar,L,Nonpolar
102,135,A,Nonpolar,S,Polar,S,Polar,S,Polar,S,Polar
103,136,K,Charged,V,Nonpolar,K,Charged,Q,Polar,R,Charged
104,137,E,Charged,P,Nonpolar,P,Nonpolar,K,Charged,E,Charged
105,140,T,Polar,D,Charged,G,Nonpolar,N,Polar,D,Charged
106,141,K,Charged,S,Polar,K,Charged,K,Charged,K,Charged
107,142,E,Charged,K,Charged,E,Charged,N,Polar,K,Charged
108,143,Q,Polar,A,Nonpolar,S,Polar,E,Charged,E,Charged
109,144,I,Nonpolar,I,Nonpolar,I,Nonpolar,I,Nonpolar,I,Nonpolar
110,145,A,Nonpolar,A,Nonpolar,A,Nonpolar,A,Nonpolar,A,Nonpolar
111,146,A,Nonpolar,Q,Polar,Q,Polar,Q,Polar,Q,Polar
112,147,T,Polar,V,Nonpolar,V,Nonpolar,V,Nonpolar,V,Nonpolar
113,148,A,Nonpolar,G,Nonpolar,A,Nonpolar,G,Nonpolar,A,Nonpolar
114,149,A,Nonpolar,T,Polar,A,Nonpolar,A,Nonpolar,T,Polar
115,150,I,Nonpolar,I,Nonpolar,I,Nonpolar,I,Nonpolar,I,Nonpolar
116,153,G,Nonpolar,N,Polar,A,Nonpolar,A,Nonpolar,N,Polar
117,155,D,Charged,D,Charged,D,Charged,D,Charged,D,Charged
118,156,Q,Polar,E,Charged,E,Charged,E,Charged,E,Charged
119,157,S,Polar,T,Polar,E,Charged,E,Charged,K,Charged
120,158,I,Nonpolar,V,Nonpolar,V,Nonpolar,I,Nonpolar,I,Nonpolar
121,159,G,Nonpolar,G,Nonpolar,G,Nonpolar,G,Nonpolar,G,Nonpolar
122,160,D,Charged,K,Charged,S,Polar,R,Charged,N,Polar
123,161,L,Nonpolar,L,Nonpolar,L,Nonpolar,Y,Polar,L,Nonpolar
124,162,I,Nonpolar,I,Nonpolar,I,Nonpolar,I,Nonpolar,I,Nonpolar
125,163,A,Nonpolar,A,Nonpolar,A,Nonpolar,S,Polar,A,Nonpolar
126,164,E,Charged,E,Charged,E,Charged,E,Charged,D,Charged
127,165,A,Nonpolar,A,Nonpolar,A,Nonpolar,A,Nonpolar,A,Nonpolar
128,166,M,Nonpolar,M,Nonpolar,M,Nonpolar,M,Nonpolar,M,Nonpolar
129,167,D,Charged,D,Charged,E,Charged,E,Charged,E,Charged
130,168,K,Charged,K,Charged,R,Charged,K,Charged,K,Charged
131,169,V,Nonpolar,V,Nonpolar,V,Nonpolar,V,Nonpolar,V,Nonpolar
132,171,N,Polar,K,Charged,N,Polar,N,Polar,K,Charged
133,172,E,Charged,E,Charged,D,Charged,D,Charged,D,Charged
134,174,V,Nonpolar,V,Nonpolar,V,Nonpolar,V,Nonpolar,V,Nonpolar
135,175,I,Nonpolar,I,Nonpolar,I,Nonpolar,I,Nonpolar,I,Nonpolar
136,177,V,Nonpolar,V,Nonpolar,I,Nonpolar,I,Nonpolar,V,Nonpolar
137,179,E,Charged,D,Charged,E,Charged,E,Charged,E,Charged
138,180,S,Polar,G,Nonpolar,S,Polar,S,Polar,A,Nonpolar
139,181,N,Polar,T,Polar,K,Charged,N,Polar,K,Charged
140,182,T,Polar,G,Nonpolar,G,Nonpolar,G,Nonpolar,S,Polar
141,183,F,Nonpolar,L,Nonpolar,F,Nonpolar,L,Nonpolar,I,Nonpolar
142,184,G,Nonpolar,Q,Polar,T,Polar,N,Polar,N,Polar
143,185,L,Nonpolar,D,Charged,T,Polar,T,Polar,D,Charged
144,186,Q,Polar,E,Charged,E,Charged,E,Charged,E,Charged
145,187,L,Nonpolar,L,Nonpolar,L,Nonpolar,L,Nonpolar,L,Nonpolar
146,188,E,Charged,D,Charged,E,Charged,E,Charged,N,Polar
147,189,L,Nonpolar,V,Nonpolar,V,Nonpolar,V,Nonpolar,V,Nonpolar
148,191,E,Charged,E,Charged,E,Charged,E,Charged,E,Charged
149,193,M,Nonpolar,M,Nonpolar,M,Nonpolar,M,Nonpolar,M,Nonpolar
150,194,R,Charged,Q,Polar,Q,Polar,Q,Polar,Q,Polar
151,195,F,Nonpolar,F,Nonpolar,F,Nonpolar,F,Nonpolar,F,Nonpolar
152,197,K,Charged,R,Charged,R,Charged,R,Charged,R,Charged
153,199,Y,Polar,Y,Polar,Y,Polar,Y,Polar,Y,Polar
154,200,I,Nonpolar,L,Nonpolar,A,Nonpolar,Q,Polar,L,Nonpolar
155,204,F,Nonpolar,F,Nonpolar,M,Nonpolar,M,Nonpolar,F,Nonpolar
156,205,V,Nonpolar,I,Nonpolar,V,Nonpolar,V,Nonpolar,I,Nonpolar
157,206,T,Polar,N,Polar,T,Polar,T,Polar,T,Polar
158,207,D,Charged,K,Charged,D,Charged,D,Charged,N,Polar
159,208,P,Nonpolar,P,Nonpolar,S,Polar,S,Polar,A,Nonpolar
160,210,R,Charged,T,Polar,K,Charged,K,Charged,K,Charged
161,211,Q,Polar,G,Nonpolar,M,Nonpolar,M,Nonpolar,M,Nonpolar
162,212,E,Charged,A,Nonpolar,E,Charged,V,Nonpolar,T,Polar
163,213,A,Nonpolar,V,Nonpolar,A,Nonpolar,A,Nonpolar,V,Nonpolar
164,214,V,Nonpolar,E,Charged,V,Nonpolar,E,Charged,E,Charged
165,215,L,Nonpolar,L,Nonpolar,L,Nonpolar,L,Nonpolar,L,Nonpolar
166,216,E,Charged,E,Charged,D,Charged,E,Charged,S,Polar
167,217,D,Charged,S,Polar,N,Polar,R,Charged,S,Polar
168,218,P,Nonpolar,P,Nonpolar,P,Nonpolar,P,Nonpolar,P,Nonpolar
169,219,Y,Polar,F,Nonpolar,Y,Polar,Y,Polar,Y,Polar
170,220,I,Nonpolar,I,Nonpolar,I,Nonpolar,I,Nonpolar,I,Nonpolar
171,221,L,Nonpolar,L,Nonpolar,L,Nonpolar,L,Nonpolar,L,Nonpolar
172,222,L,Nonpolar,L,Nonpolar,I,Nonpolar,V,Nonpolar,L,Nonpolar
173,223,V,Nonpolar,A,Nonpolar,T,Polar,T,Polar,F,Nonpolar
174,224,S,Polar,D,Charged,D,Charged,D,Charged,D,Charged
175,225,S,Polar,K,Charged,K,Charged,K,Charged,K,Charged
176,227,V,Nonpolar,I,Nonpolar,I,Nonpolar,I,Nonpolar,I,Nonpolar
177,228,S,Polar,S,Polar,T,Polar,S,Polar,T,Polar
178,230,V,Nonpolar,I,Nonpolar,I,Nonpolar,F,Nonpolar,L,Nonpolar
179,231,K,Charged,R,Charged,Q,Polar,Q,Polar,K,Charged
180,232,D,Charged,E,Charged,E,Charged,D,Charged,D,Charged
181,233,L,Nonpolar,M,Nonpolar,I,Nonpolar,I,Nonpolar,L,Nonpolar
182,236,L,Nonpolar,V,Nonpolar,V,Nonpolar,L,Nonpolar,V,Nonpolar
183,239,K,Charged,A,Nonpolar,Q,Polar,Q,Polar,Q,Polar
184,240,V,Nonpolar,V,Nonpolar,V,Nonpolar,V,Nonpolar,I,Nonpolar
185,241,I,Nonpolar,A,Nonpolar,V,Nonpolar,V,Nonpolar,Q,Polar
186,243,A,Nonpolar,A,Nonpolar,Q,Polar,S,Polar,T,Polar
187,244,G,Nonpolar,G,Nonpolar,G,Nonpolar,N,Polar,G,Nonpolar
188,245,K,Charged,K,Charged,K,Charged,R,Charged,K,Charged
189,246,P,Nonpolar,P,Nonpolar,P,Nonpolar,P,Nonpolar,P,Nonpolar
190,247,L,Nonpolar,L,Nonpolar,L,Nonpolar,I,Nonpolar,L,Nonpolar
191,248,L,Nonpolar,L,Nonpolar,L,Nonpolar,L,Nonpolar,L,Nonpolar
192,249,I,Nonpolar,I,Nonpolar,L,Nonpolar,I,Nonpolar,I,Nonpolar
193,250,I,Nonpolar,I,Nonpolar,I,Nonpolar,V,Nonpolar,I,Nonpolar
194,252,E,Charged,E,Charged,E,Charged,D,Charged,E,Charged
195,253,D,Charged,D,Charged,D,Charged,E,Charged,D,Charged
196,254,V,Nonpolar,V,Nonpolar,V,Nonpolar,V,Nonpolar,I,Nonpolar
197,255,E,Charged,E,Charged,E,Charged,E,Charged,E,Charged
198,257,E,Charged,E,Charged,E,Charged,D,Charged,E,Charged
199,261,T,Polar,T,Polar,T,Polar,N,Polar,T,Polar
200,262,L,Nonpolar,L,Nonpolar,L,Nonpolar,I,Nonpolar,L,Nonpolar
201,263,V,Nonpolar,V,Nonpolar,V,Nonpolar,V,Nonpolar,V,Nonpolar
202,266,K,Charged,T,Polar,K,Charged,R,Charged,K,Charged
203,267,I,Nonpolar,M,Nonpolar,L,Nonpolar,M,Nonpolar,L,Nonpolar
204,270,T,Polar,I,Nonpolar,T,Polar,T,Polar,V,Nonpolar
205,272,K,Charged,K,Charged,N,Polar,T,Polar,N,Polar
206,273,S,Polar,V,Nonpolar,A,Nonpolar,V,Nonpolar,I,Nonpolar
207,274,V,Nonpolar,A,Nonpolar,V,Nonpolar,V,Nonpolar,S,Polar
208,275,A,Nonpolar,A,Nonpolar,A,Nonpolar,A,Nonpolar,A,Nonpolar
209,276,V,Nonpolar,V,Nonpolar,V,Nonpolar,V,Nonpolar,V,Nonpolar
210,277,K,Charged,K,Charged,K,Charged,K,Charged,K,Charged
211,278,A,Nonpolar,A,Nonpolar,A,Nonpolar,A,Nonpolar,A,Nonpolar
212,280,G,Nonpolar,G,Nonpolar,G,Nonpolar,G,Nonpolar,G,Nonpolar
213,281,F,Nonpolar,F,Nonpolar,F,Nonpolar,F,Nonpolar,F,Nonpolar
214,284,R,Charged,R,Charged,R,Charged,R,Charged,R,Charged
215,285,R,Charged,R,Charged,R,Charged,R,Charged,R,Charged
216,286,K,Charged,K,Charged,K,Charged,K,Charged,K,Charged
217,287,A,Nonpolar,A,Nonpolar,A,Nonpolar,A,Nonpolar,A,Nonpolar
218,288,M,Nonpolar,M,Nonpolar,M,Nonpolar,M,Nonpolar,M,Nonpolar
219,289,L,Nonpolar,L,Nonpolar,L,Nonpolar,L,Nonpolar,L,Nonpolar
220,290,Q,Polar,Q,Polar,E,Charged,E,Charged,E,Charged
221,292,M,Nonpolar,I,Nonpolar,I,Nonpolar,L,Nonpolar,I,Nonpolar
222,293,A,Nonpolar,A,Nonpolar,A,Nonpolar,A,Nonpolar,A,Nonpolar
223,294,I,Nonpolar,T,Polar,V,Nonpolar,I,Nonpolar,I,Nonpolar
224,295,L,Nonpolar,L,Nonpolar,L,Nonpolar,L,Nonpolar,L,Nonpolar
225,298,G,Nonpolar,G,Nonpolar,G,Nonpolar,A,Nonpolar,G,Nonpolar
226,299,Q,Polar,T,Polar,E,Charged,Q,Polar,E,Charged
227,300,V,Nonpolar,V,Nonpolar,V,Nonpolar,V,Nonpolar,V,Nonpolar
228,301,I,Nonpolar,I,Nonpolar,I,Nonpolar,I,Nonpolar,I,Nonpolar
229,302,S,Polar,S,Polar,T,Polar,T,Polar,S,Polar
230,303,E,Charged,E,Charged,E,Charged,D,Charged,E,Charged
231,304,E,Charged,E,Charged,D,Charged,D,Charged,E,Charged
232,305,V,Nonpolar,I,Nonpolar,L,Nonpolar,L,Nonpolar,L,Nonpolar
233,307,L,Nonpolar,M,Nonpolar,L,Nonpolar,L,Nonpolar,R,Charged
234,309,L,Nonpolar,L,Nonpolar,L,Nonpolar,L,Nonpolar,L,Nonpolar
235,310,E,Charged,E,Charged,K,Charged,K,Charged,E,Charged
236,312,A,Nonpolar,A,Nonpolar,T,Polar,A,Nonpolar,A,Nonpolar
237,313,D,Charged,T,Polar,Q,Polar,S,Polar,T,Polar
238,314,L,Nonpolar,L,Nonpolar,I,Nonpolar,I,Nonpolar,I,Nonpolar
239,316,L,Nonpolar,D,Charged,Q,Polar,M,Nonpolar,D,Charged
240,317,L,Nonpolar,L,Nonpolar,L,Nonpolar,L,Nonpolar,L,Nonpolar
241,319,K,Charged,Q,Polar,R,Charged,T,Polar,Q,Polar
242,320,A,Nonpolar,A,Nonpolar,A,Nonpolar,A,Nonpolar,A,Nonpolar
243,321,R,Charged,K,Charged,S,Polar,S,Polar,S,Polar
244,322,K,Charged,R,Charged,K,Charged,K,Charged,S,Polar
245,323,V,Nonpolar,V,Nonpolar,V,Nonpolar,V,Nonpolar,V,Nonpolar
246,324,V,Nonpolar,V,Nonpolar,V,Nonpolar,E,Charged,I,Nonpolar
247,325,V,Nonpolar,I,Nonpolar,V,Nonpolar,V,Nonpolar,I,Nonpolar
248,326,T,Polar,N,Polar,T,Polar,T,Polar,D,Charged
249,329,E,Charged,T,Polar,N,Polar,N,Polar,N,Polar
250,331,T,Polar,T,Polar,T,Polar,T,Polar,T,Polar
251,332,I,Nonpolar,I,Nonpolar,I,Nonpolar,V,Nonpolar,I,Nonpolar
252,333,V,Nonpolar,I,Nonpolar,V,Nonpolar,V,Nonpolar,V,Nonpolar
253,334,E,Charged,D,Charged,E,Charged,D,Charged,N,Polar
254,336,A,Nonpolar,V,Nonpolar,A,Nonpolar,D,Charged,A,Nonpolar
255,340,D,Charged,A,Nonpolar,D,Charged,N,Polar,A,Nonpolar
256,341,A,Nonpolar,A,Nonpolar,K,Charged,S,Polar,N,Polar
257,346,V,Nonpolar,V,Nonpolar,V,Nonpolar,V,Nonpolar,V,Nonpolar
258,347,A,Nonpolar,A,Nonpolar,T,Polar,S,Polar,N,Polar
259,348,Q,Polar,Q,Polar,Q,Polar,Q,Polar,Q,Polar
260,349,I,Nonpolar,I,Nonpolar,I,Nonpolar,L,Nonpolar,I,Nonpolar
261,350,R,Charged,R,Charged,R,Charged,K,Charged,K,Charged
262,352,E,Charged,Q,Polar,Q,Polar,Q,Polar,Q,Polar
263,353,I,Nonpolar,I,Nonpolar,V,Nonpolar,I,Nonpolar,I,Nonpolar
264,354,E,Charged,E,Charged,E,Charged,E,Charged,A,Nonpolar
265,355,N,Polar,E,Charged,E,Charged,E,Charged,E,Charged
266,356,S,Polar,A,Nonpolar,T,Polar,T,Polar,T,Polar
267,359,D,Charged,D,Charged,E,Charged,D,Charged,D,Charged
268,360,Y,Polar,Y,Polar,F,Nonpolar,F,Nonpolar,Y,Polar
269,361,D,Charged,D,Charged,D,Charged,D,Charged,D,Charged
270,362,R,Charged,R,Charged,R,Charged,R,Charged,R,Charged
271,363,E,Charged,E,Charged,E,Charged,E,Charged,E,Charged
272,365,L,Nonpolar,L,Nonpolar,L,Nonpolar,L,Nonpolar,L,Nonpolar
273,366,Q,Polar,Q,Polar,Q,Polar,Q,Polar,Q,Polar
274,367,E,Charged,E,Charged,E,Charged,E,Charged,E,Charged
275,369,L,Nonpolar,V,Nonpolar,L,Nonpolar,L,Nonpolar,L,Nonpolar
276,370,A,Nonpolar,A,Nonpolar,A,Nonpolar,A,Nonpolar,A,Nonpolar
277,373,A,Nonpolar,A,Nonpolar,A,Nonpolar,A,Nonpolar,S,Polar
278,377,A,Nonpolar,A,Nonpolar,A,Nonpolar,A,Nonpolar,A,Nonpolar
279,379,I,Nonpolar,I,Nonpolar,I,Nonpolar,I,Nonpolar,I,Nonpolar
280,380,K,Charged,K,Charged,K,Charged,K,Charged,K,Charged
281,381,A,Nonpolar,V,Nonpolar,V,Nonpolar,V,Nonpolar,V,Nonpolar
282,383,A,Nonpolar,A,Nonpolar,A,Nonpolar,A,Nonpolar,A,Nonpolar
283,384,A,Nonpolar,A,Nonpolar,A,Nonpolar,A,Nonpolar,A,Nonpolar
284,387,V,Nonpolar,V,Nonpolar,T,Polar,T,Polar,T,Polar
285,389,L,Nonpolar,M,Nonpolar,L,Nonpolar,L,Nonpolar,M,Nonpolar
286,390,K,Charged,K,Charged,K,Charged,K,Charged,K,Charged
287,391,E,Charged,E,Charged,E,Charged,E,Charged,E,Charged
288,392,R,Charged,K,Charged,R,Charged,R,Charged,K,Charged
289,394,H,Charged,A,Nonpolar,L,Nonpolar,L,Nonpolar,D,Charged
290,395,R,Charged,R,Charged,R,Charged,R,Charged,R,Charged
291,396,I,Nonpolar,V,Nonpolar,I,Nonpolar,I,Nonpolar,V,Nonpolar
292,397,E,Charged,E,Charged,E,Charged,E,Charged,D,Charged
293,398,D,Charged,D,Charged,D,Charged,D,Charged,D,Charged
294,400,V,Nonpolar,L,Nonpolar,L,Nonpolar,L,Nonpolar,L,Nonpolar
295,401,R,Charged,H,Charged,N,Polar,N,Polar,S,Polar
296,402,N,Polar,A,Nonpolar,S,Polar,S,Polar,A,Nonpolar
297,406,A,Nonpolar,A,Nonpolar,A,Nonpolar,A,Nonpolar,A,Nonpolar
298,407,V,Nonpolar,V,Nonpolar,V,Nonpolar,V,Nonpolar,V,Nonpolar
299,408,E,Charged,E,Charged,E,Charged,E,Charged,E,Charged
300,409,E,Charged,E,Charged,E,Charged,E,Charged,E,Charged
301,411,I,Nonpolar,V,Nonpolar,I,Nonpolar,I,Nonpolar,I,Nonpolar
302,412,V,Nonpolar,V,Nonpolar,V,Nonpolar,V,Nonpolar,V,Nonpolar
303,413,A,Nonpolar,A,Nonpolar,S,Polar,A,Nonpolar,I,Nonpolar
304,416,G,Nonpolar,G,Nonpolar,G,Nonpolar,G,Nonpolar,G,Nonpolar
305,417,V,Nonpolar,V,Nonpolar,T,Polar,T,Polar,A,Nonpolar
306,418,T,Polar,A,Nonpolar,A,Nonpolar,A,Nonpolar,A,Nonpolar
307,419,L,Nonpolar,L,Nonpolar,L,Nonpolar,L,Nonpolar,L,Nonpolar
